first_name,last_name,email,match_query,score,nombre_completo
April,Gonzalez,user8@example.com,AprilGonzalezuser8@example.com,100.0%,April Gonzalez
Colton,Collins,user9@example.com,ColtonCollinsuser9@example.com,100.0%,Colton Collins
Joseph,Yang,user10@example.com,JosephYanguser10@example.com,100.0%,Joseph Yang
Michelle,Logan,user11@example.com,MichelleLoganuser11@example.com,100.0%,Michelle Logan
Mary,Pollard,user12@example.com,MaryPollarduser12@example.com,100.0%,Mary Pollard
Gail,Harris,user13@example.com,GailHarrisuser13@example.com,100.0%,Gail Harris
Lauren,Fletcher,user14@example.com,LaurenFletcheruser14@example.com,100.0%,Lauren Fletcher
Alan,Liu,user15@example.com,AlanLiuuser15@example.com,100.0%,Alan Liu
Douglas,Williams,user16@example.com,DouglasWilliamsuser16@example.com,100.0%,Douglas Williams
Daniel,Smith,user17@example.com,DanielSmithuser17@example.com,100.0%,Daniel Smith
